{"cameraMode":{"drawMode":0,"name":"Shaded","section":"Shading Mode"},"sceneLighting":false,"audioPlay":false,"sceneViewState":{"m_AlwaysRefresh":false,"showFog":true,"showSkybox":false,"showFlares":true,"showImageEffects":true,"showParticleSystems":true,"showVisualEffectGraphs":true,"m_FxEnabled":true},"in2DMode":false,"pivot":{"x":-1.231180191040039,"y":-0.0000019073486328125,"z":1.5136239528656006},"rotation":{"x":-0.2031579613685608,"y":0.7901086211204529,"z":-0.46273621916770937,"w":-0.3468863368034363},"size":0.49785467982292178,"orthographic":false}