{"cameraMode":{"drawMode":0,"name":"Shaded","section":"Shading Mode"},"sceneLighting":true,"audioPlay":false,"sceneViewState":{"m_AlwaysRefresh":false,"showFog":true,"showSkybox":true,"showFlares":true,"showImageEffects":true,"showParticleSystems":true,"showVisualEffectGraphs":true,"m_FxEnabled":true},"in2DMode":false,"pivot":{"x":-0.49114131927490237,"y":0.7708559036254883,"z":-0.5907683372497559},"rotation":{"x":-0.052945319563150409,"y":0.939936101436615,"z":-0.1713404804468155,"w":-0.2904464304447174},"size":5.407557010650635,"orthographic":false}