{"cameraMode":{"drawMode":0,"name":"Shaded","section":"Shading Mode"},"sceneLighting":false,"audioPlay":false,"sceneViewState":{"m_AlwaysRefresh":false,"showFog":true,"showSkybox":false,"showFlares":true,"showImageEffects":true,"showParticleSystems":true,"showVisualEffectGraphs":true,"m_FxEnabled":true},"in2DMode":false,"pivot":{"x":4.948338985443115,"y":5.384177207946777,"z":3.1193881034851076},"rotation":{"x":-0.06903201341629029,"y":0.07981941848993302,"z":-0.005541088990867138,"w":-0.9944009184837341},"size":2.2487940788269045,"orthographic":false}